{
  "puntos_originales": [[21.608109233881, 57.4619884880364],
                        [25.3309856326951, 55.0687108030845],
                        [16.5556341212047, 48.6866369765461],
                        [24.1343467902191, 22.4935423134613],
                        [84.764048142334, 40.0442453364419],
                        [92.4757206827346, 13.7181908019709],
                        [83.4344494284718, 6.9372373612739],
                        [87.4232455700583, 4.8098794190944]],
  "puntos_encontrados": [[29.0538620315091, 31.2688938249516],
                        [18.9489118061566, 48.5536771051598],
                        [22.8047480763569, 55.2016706744707],
                        [79.5786131582715, 31.4018536963378],
                        [89.9494831263964, 13.5852309305847],
                        [86.0936468561961, 7.0701972326601]],
  "iteración_max": 30,
  "cantidad_enjambres": 20,
  "tam_poblacion": 30,
  "ejecuciones": 25
}