{
  "puntos_originales": [[10.3409829355937,60.7676676562085],
                        [49.8925968997656,79.2317621718143],
                        [83.7195416893588,59.5317813901422],
                        [31.2245892631934,29.2406789531525],
                        [66.4544935591975,30.0703231129862]],
  "puntos_encontrados": [[30.9957656729129,49.0030646306372],
                        [49.3804974152644,58.8805757841367],
                        [66.3949385929686,49.2314463914118]],
  "iteración_max": 50,
  "cantidad_enjambres": 12,
  "tam_poblacion": 90,
  "ejecuciones": 50,
  "peso_steiner": 143.6384393862093
}