{
  "puntos_originales": [[0,0],
                        [0,1],
                        [2,0],
                        [2,1],
                        [4,0],
                        [4,1]],
  "puntos_encontrados": [[0.2946385491285,0.5724602980037],
                        [1.8470597656726,0.6890452905505],
                        [2.117046064202,0.277929790517],
                        [3.6756033329854,0.3883787308245]],
  "iteración_max": 50,
  "cantidad_enjambres": 12,
  "tam_poblacion": 80,
  "ejecuciones": 50,
  "peso_steiner": 6.62062814049094,
  "peso_original": 7.0
}