{
  "puntos_originales": [[10,60],
                        [50,80],
                        [85,60],
                        [32,30],
                        [65,30]],
  "puntos_encontrados": [[30.9957656729129,49.0030646306372],
                        [49.3804974152644,58.8805757841367],
                        [66.3949385929686,49.2314463914118]],
  "iteración_max": 50,
  "cantidad_enjambres": 12,
  "tam_poblacion": 90,
  "ejecuciones": 50,
  "peso_steiner": 145.06841599595361
}